{
  "Elements": [
    {
      "__type": "KeyboardKey",
      "Id": 0,
      "Boundaries": [
        {
          "X": 8,
          "Y": 16
        },
        {
          "X": 85,
          "Y": 16
        },
        {
          "X": 85,
          "Y": 56
        },
        {
          "X": 8,
          "Y": 56
        }
      ],
      "KeyCodes": [
        9
      ],
      "Text": "tab",
      "TextPosition": {
        "X": 46,
        "Y": 36
      },
      "ChangeOnCaps": false,
      "ShiftText": "tab"
    },
    {
      "__type": "KeyboardKey",
      "Id": 7,
      "Boundaries": [
        {
          "X": 154,
          "Y": 57
        },
        {
          "X": 197,
          "Y": 57
        },
        {
          "X": 197,
          "Y": 100
        },
        {
          "X": 154,
          "Y": 100
        }
      ],
      "KeyCodes": [
        65
      ],
      "Text": "a",
      "TextPosition": {
        "X": 175,
        "Y": 78
      },
      "ChangeOnCaps": true,
      "ShiftText": "a"
    },
    {
      "__type": "KeyboardKey",
      "Id": 8,
      "Boundaries": [
        {
          "X": 8,
          "Y": 57
        },
        {
          "X": 78,
          "Y": 57
        },
        {
          "X": 78,
          "Y": 100
        },
        {
          "X": 8,
          "Y": 100
        }
      ],
      "KeyCodes": [
        67
      ],
      "Text": "c",
      "TextPosition": {
        "X": 43,
        "Y": 78
      },
      "ChangeOnCaps": true,
      "ShiftText": "c"
    },
    {
      "__type": "KeyboardKey",
      "Id": 9,
      "Boundaries": [
        {
          "X": 242,
          "Y": 57
        },
        {
          "X": 285,
          "Y": 57
        },
        {
          "X": 285,
          "Y": 100
        },
        {
          "X": 242,
          "Y": 100
        }
      ],
      "KeyCodes": [
        68
      ],
      "Text": "d",
      "TextPosition": {
        "X": 263,
        "Y": 74
      },
      "ChangeOnCaps": true,
      "ShiftText": "d"
    },
    {
      "__type": "KeyboardKey",
      "Id": 11,
      "Boundaries": [
        {
          "X": 194,
          "Y": 147
        },
        {
          "X": 237,
          "Y": 147
        },
        {
          "X": 237,
          "Y": 190
        },
        {
          "X": 194,
          "Y": 190
        }
      ],
      "KeyCodes": [
        39
      ],
      "Text": "→",
      "TextPosition": {
        "X": 215,
        "Y": 164
      },
      "ChangeOnCaps": true,
      "ShiftText": "→"
    },
    {
      "__type": "KeyboardKey",
      "Id": 16,
      "Boundaries": [
        {
          "X": 198,
          "Y": 57
        },
        {
          "X": 241,
          "Y": 57
        },
        {
          "X": 241,
          "Y": 100
        },
        {
          "X": 198,
          "Y": 100
        }
      ],
      "KeyCodes": [
        83
      ],
      "Text": "s",
      "TextPosition": {
        "X": 219,
        "Y": 74
      },
      "ChangeOnCaps": true,
      "ShiftText": "s"
    },
    {
      "__type": "KeyboardKey",
      "Id": 17,
      "Boundaries": [
        {
          "X": 150,
          "Y": 147
        },
        {
          "X": 193,
          "Y": 147
        },
        {
          "X": 193,
          "Y": 190
        },
        {
          "X": 150,
          "Y": 190
        }
      ],
      "KeyCodes": [
        40
      ],
      "Text": "↓",
      "TextPosition": {
        "X": 171,
        "Y": 164
      },
      "ChangeOnCaps": true,
      "ShiftText": "↓"
    },
    {
      "__type": "KeyboardKey",
      "Id": 18,
      "Boundaries": [
        {
          "X": 197,
          "Y": 13
        },
        {
          "X": 240,
          "Y": 13
        },
        {
          "X": 240,
          "Y": 56
        },
        {
          "X": 197,
          "Y": 56
        }
      ],
      "KeyCodes": [
        87
      ],
      "Text": "w",
      "TextPosition": {
        "X": 218,
        "Y": 30
      },
      "ChangeOnCaps": true,
      "ShiftText": "w"
    },
    {
      "__type": "KeyboardKey",
      "Id": 19,
      "Boundaries": [
        {
          "X": 149,
          "Y": 104
        },
        {
          "X": 192,
          "Y": 104
        },
        {
          "X": 192,
          "Y": 146
        },
        {
          "X": 149,
          "Y": 146
        }
      ],
      "KeyCodes": [
        38
      ],
      "Text": "↑",
      "TextPosition": {
        "X": 170,
        "Y": 125
      },
      "ChangeOnCaps": true,
      "ShiftText": "↑"
    },
    {
      "__type": "KeyboardKey",
      "Id": 20,
      "Boundaries": [
        {
          "X": 106,
          "Y": 147
        },
        {
          "X": 149,
          "Y": 147
        },
        {
          "X": 149,
          "Y": 190
        },
        {
          "X": 106,
          "Y": 190
        }
      ],
      "KeyCodes": [
        37
      ],
      "Text": "←",
      "TextPosition": {
        "X": 127,
        "Y": 164
      },
      "ChangeOnCaps": true,
      "ShiftText": "←"
    },
    {
      "__type": "MouseKey",
      "Id": 23,
      "Boundaries": [
        {
          "X": 368,
          "Y": 32
        },
        {
          "X": 380,
          "Y": 32
        },
        {
          "X": 380,
          "Y": 70
        },
        {
          "X": 368,
          "Y": 70
        }
      ],
      "KeyCodes": [
        2
      ],
      "Text": "",
      "TextPosition": {
        "X": 378,
        "Y": 96
      }
    },
    {
      "__type": "MouseScroll",
      "Id": 21,
      "Boundaries": [
        {
          "X": 368,
          "Y": 32
        },
        {
          "X": 380,
          "Y": 32
        },
        {
          "X": 380,
          "Y": 51
        },
        {
          "X": 368,
          "Y": 51
        }
      ],
      "KeyCodes": [
        0
      ],
      "Text": "",
      "TextPosition": {
        "X": 374,
        "Y": 44
      }
    },
    {
      "__type": "MouseScroll",
      "Id": 22,
      "Boundaries": [
        {
          "X": 368,
          "Y": 51
        },
        {
          "X": 380,
          "Y": 51
        },
        {
          "X": 380,
          "Y": 70
        },
        {
          "X": 368,
          "Y": 70
        }
      ],
      "KeyCodes": [
        1
      ],
      "Text": "",
      "TextPosition": {
        "X": 374,
        "Y": 63
      }
    },
    {
      "__type": "KeyboardKey",
      "Id": 24,
      "Boundaries": [
        {
          "X": 8,
          "Y": 101
        },
        {
          "X": 100,
          "Y": 101
        },
        {
          "X": 100,
          "Y": 144
        },
        {
          "X": 8,
          "Y": 144
        }
      ],
      "KeyCodes": [
        160
      ],
      "Text": "shift",
      "TextPosition": {
        "X": 54,
        "Y": 122
      },
      "ChangeOnCaps": false,
      "ShiftText": "shift"
    },
    {
      "__type": "KeyboardKey",
      "Id": 25,
      "Boundaries": [
        {
          "X": 8,
          "Y": 145
        },
        {
          "X": 81,
          "Y": 145
        },
        {
          "X": 81,
          "Y": 188
        },
        {
          "X": 8,
          "Y": 188
        }
      ],
      "KeyCodes": [
        162
      ],
      "Text": "ctrl",
      "TextPosition": {
        "X": 44,
        "Y": 166
      },
      "ChangeOnCaps": false,
      "ShiftText": "ctrl"
    },
    {
      "__type": "MouseKey",
      "Id": 29,
      "Boundaries": [
        {
          "X": 317,
          "Y": 70
        },
        {
          "X": 324,
          "Y": 70
        },
        {
          "X": 324,
          "Y": 105
        },
        {
          "X": 317,
          "Y": 105
        }
      ],
      "KeyCodes": [
        4
      ],
      "Text": "",
      "TextPosition": {
        "X": 335,
        "Y": 164
      }
    },
    {
      "__type": "MouseKey",
      "Id": 30,
      "Boundaries": [
        {
          "X": 320,
          "Y": 103
        },
        {
          "X": 325,
          "Y": 103
        },
        {
          "X": 325,
          "Y": 144
        },
        {
          "X": 320,
          "Y": 144
        }
      ],
      "KeyCodes": [
        3
      ],
      "Text": "",
      "TextPosition": {
        "X": 338,
        "Y": 208
      }
    },
    {
      "__type": "KeyboardKey",
      "Id": 1,
      "Boundaries": [
        {
          "X": 8,
          "Y": 193
        },
        {
          "X": 303,
          "Y": 193
        },
        {
          "X": 303,
          "Y": 228
        },
        {
          "X": 9,
          "Y": 228
        }
      ],
      "KeyCodes": [
        32
      ],
      "Text": "",
      "TextPosition": {
        "X": 155,
        "Y": 210
      },
      "ChangeOnCaps": false,
      "ShiftText": ""
    },
    {
      "__type": "MouseKey",
      "Id": 28,
      "Boundaries": [
        {
          "X": 374,
          "Y": 9
        },
        {
          "X": 436,
          "Y": 9
        },
        {
          "X": 436,
          "Y": 228
        },
        {
          "X": 374,
          "Y": 228
        }
      ],
      "KeyCodes": [
        1
      ],
      "Text": "",
      "TextPosition": {
        "X": 420,
        "Y": 103
      }
    },
    {
      "__type": "MouseKey",
      "Id": 27,
      "Boundaries": [
        {
          "X": 311,
          "Y": 9
        },
        {
          "X": 374,
          "Y": 9
        },
        {
          "X": 374,
          "Y": 228
        },
        {
          "X": 311,
          "Y": 228
        }
      ],
      "KeyCodes": [
        0
      ],
      "Text": "",
      "TextPosition": {
        "X": 332,
        "Y": 103
      }
    },
    {
      "__type": "MouseSpeedIndicator",
      "Id": 31,
      "Location": {
        "X": 374,
        "Y": 184
      },
      "Radius": 37
    }
  ],
  "Height": 241,
  "Version": 2,
  "Width": 450
}