﻿<?xml version="1.0" encoding="UTF-8"?>
<translate description="Language Codes">
	<api name="Baidu">
		<language code="ara" id="1025" description="Arabic"/>
		<language code="bul" id="1026" description="Bulgarian"/>
		<language code="yue" id="1166" description="Cantonese"/>
		<language code="zh" id="2052" description="Chinese (Simplified)"/>
		<language code="cht" id="1028" description="Chinese (Traditional)"/>
		<language code="wyw" id="640" description="Classical Chinese"/>
		<language code="cs" id="1029" description="Czech"/>
		<language code="dan" id="1030" description="Danish"/>
		<language code="nl" id="1043" description="Dutch"/>
		<language code="en" id="1033" description="English"/>
		<language code="est" id="1061" description="Estonian"/>
		<language code="fin" id="1035" description="Finnish"/>
		<language code="fra" id="1036" description="French"/>
		<language code="de" id="1031" description="German"/>
		<language code="el" id="1032" description="Greek"/>
		<language code="hu" id="1038" description="Hungarian"/>
		<language code="it" id="1040" description="Italian"/>
		<language code="jp" id="1041" description="Japanese"/>
		<language code="kor" id="1042" description="Korean"/>
		<language code="pl" id="1045" description="Polish"/>
		<language code="pt" id="2070" description="Portuguese"/>
		<language code="rom" id="1048" description="Romanian"/>
		<language code="ru" id="1049" description="Russian"/>
		<language code="slo" id="1060" description="Slovenian"/>
		<language code="spa" id="1034" description="Spanish"/>
		<language code="swe" id="1053" description="Swedish"/>
		<language code="th" id="1054" description="Thai"/>
		<language code="vie" id="1066" description="Vietnamese"/>
	</api>
	<api name="Google">
		<language code="af" id="1078" description="Afrikaans"/>
		<language code="sq" id="1052" description="Albanian"/>
		<language code="am" id="1118" description="Amharic"/>
		<language code="ar" id="1025" description="Arabic"/>
		<language code="hy" id="1067" description="Armenian"/>
		<language code="az" id="1068" description="Azerbaijani"/>
		<language code="eu" id="1069" description="Basque"/>
		<language code="be" id="1059" description="Belarusian"/>
		<language code="bn" id="1093" description="Bengali"/>
		<language code="bs" id="5146" description="Bosnian"/>
		<language code="bg" id="1026" description="Bulgarian"/>
		<language code="ca" id="1027" description="Catalan"/>
		<language code="ny" id="643" description="Chichewa"/>
		<language code="zh-CN" id="2052" description="Chinese"/>
		<language code="co" id="1155" description="Corsican"/>
		<language code="hr" id="1050" description="Croatian"/>
		<language code="cs" id="1029" description="Czech"/>
		<language code="da" id="1030" description="Danish"/>
		<language code="nl" id="1043" description="Dutch"/>
		<language code="en" id="1033" description="English"/>
		<language code="eo" id="1536" description="Esperanto"/>
		<language code="et" id="1061" description="Estonian"/>
		<language code="tl" id="1124" description="Filipino"/>
		<language code="fi" id="1035" description="Finnish"/>
		<language code="fr" id="1036" description="French"/>
		<language code="fy" id="1122" description="Frisian"/>
		<language code="gl" id="1110" description="Galician"/>
		<language code="ka" id="1079" description="Georgian"/>
		<language code="de" id="1031" description="German"/>
		<language code="el" id="1032" description="Greek"/>
		<language code="gu" id="1095" description="Gujarati"/>
		<language code="ha" id="1128" description="Hausa"/>
		<language code="haw" id="1141" description="Hawaiian"/>
		<language code="iw" id="1037" description="Hebrew"/>
		<language code="hi" id="1081" description="Hindi"/>
		<language code="hu" id="1038" description="Hungarian"/>
		<language code="is" id="1039" description="Icelandic"/>
		<language code="ig" id="1136" description="Igbo"/>
		<language code="id" id="1057" description="Indonesian"/>
		<language code="ga" id="2108" description="Irish"/>
		<language code="it" id="1040" description="Italian"/>
		<language code="ja" id="1041" description="Japanese"/>
		<language code="jw" id="641" description="Javanese"/>
		<language code="kn" id="1099" description="Kannada"/>
		<language code="kk" id="1087" description="Kazakh"/>
		<language code="km" id="1107" description="Khmer"/>
		<language code="rw" id="1159" description="Kinyarwanda"/>
		<language code="ko" id="1042" description="Korean"/>
		<language code="ku" id="1170" description="Kurdish (Kurmanji)"/>
		<language code="ky" id="1088" description="Kyrgyz"/>
		<language code="lo" id="1108" description="Lao"/>
		<language code="la" id="1142" description="Latin"/>
		<language code="lv" id="1062" description="Latvian"/>
		<language code="lt" id="1063" description="Lithuanian"/>
		<language code="lb" id="1134" description="Luxembourgish"/>
		<language code="mk" id="1071" description="Macedonian"/>
		<language code="ms" id="1086" description="Malay"/>
		<language code="ml" id="1100" description="Malayalam"/>
		<language code="mt" id="1082" description="Maltese"/>
		<language code="mi" id="1153" description="Maori"/>
		<language code="mr" id="1102" description="Marathi"/>
		<language code="mn" id="1104" description="Mongolian"/>
		<language code="my" id="1109" description="Myanmar (Burmese)"/>
		<language code="ne" id="1121" description="Nepali"/>
		<language code="no" id="1044" description="Norwegian"/>
		<language code="or" id="1096" description="Odia (Oriya)"/>
		<language code="ps" id="1123" description="Pashto"/>
		<language code="fa" id="1065" description="Persian"/>
		<language code="pl" id="1045" description="Polish"/>
		<language code="pt" id="2070" description="Portuguese"/>
		<language code="pa" id="1094" description="Punjabi"/>
		<language code="ro" id="1048" description="Romanian"/>
		<language code="ru" id="1049" description="Russian"/>
		<language code="gd" id="1169" description="Scots Gaelic"/>
		<language code="sr" id="3098" description="Serbian"/>
		<language code="st" id="1132" description="Sesotho"/>
		<language code="sd" id="2137" description="Sindhi"/>
		<language code="si" id="1115" description="Sinhala"/>
		<language code="sk" id="1051" description="Slovak"/>
		<language code="sl" id="1060" description="Slovenian"/>
		<language code="so" id="1143" description="Somali"/>
		<language code="es" id="1034" description="Spanish"/>
		<language code="sw" id="1089" description="Swahili"/>
		<language code="sv" id="1053" description="Swedish"/>
		<language code="tg" id="1064" description="Tajik"/>
		<language code="ta" id="1097" description="Tamil"/>
		<language code="tt" id="1092" description="Tatar"/>
		<language code="te" id="1098" description="Telugu"/>
		<language code="th" id="1054" description="Thai"/>
		<language code="tr" id="1055" description="Turkish"/>
		<language code="tk" id="1090" description="Turkmen"/>
		<language code="uk" id="1058" description="Ukrainian"/>
		<language code="ur" id="1056" description="Urdu"/>
		<language code="ug" id="1152" description="Uyghur"/>
		<language code="uz" id="1091" description="Uzbek"/>
		<language code="vi" id="1066" description="Vietnamese"/>
		<language code="cy" id="1106" description="Welsh"/>
		<language code="xh" id="1076" description="Xhosa"/>
		<language code="yi" id="1085" description="Yiddish"/>
		<language code="yo" id="1130" description="Yoruba"/>
		<language code="zu" id="1077" description="Zulu"/>
	</api>
	<api name="IBM Watson">
		<language code="ar" id="1025" description="Arabic"/>
		<language code="bg" id="1026" description="Bulgarian"/>
		<language code="bn" id="1093" description="Bengali"/>
		<language code="ca" id="1027" description="Catalan"/>
		<language code="cs" id="1029" description="Czech"/>
		<language code="cy" id="1106" description="Welsh"/>
		<language code="da" id="1030" description="Danish"/>
		<language code="de" id="1031" description="German"/>
		<language code="el" id="1032" description="Greek"/>
		<language code="en" id="1033" description="English"/>
		<language code="es" id="1034" description="Spanish"/>
		<language code="et" id="1061" description="Estonian"/>
		<language code="fi" id="1035" description="Finnish"/>
		<language code="fr" id="1036" description="French"/>
		<language code="fr-CA" id="3084" description="French (Canada)"/>
		<language code="ga" id="2108" description="Irish"/>
		<language code="gu" id="1095" description="Gujarati"/>
		<language code="he" id="1037" description="Hebrew"/>
		<language code="hi" id="1081" description="Hindi"/>
		<language code="hr" id="1050" description="Croatian"/>
		<language code="hu" id="1038" description="Hungarian"/>
		<language code="id" id="1057" description="Indonesian"/>
		<language code="it" id="1040" description="Italian"/>
		<language code="ja" id="1041" description="Japanese"/>
		<language code="ko" id="1042" description="Korean"/>
		<language code="lt" id="1063" description="Lithuanian"/>
		<language code="lv" id="1062" description="Latvian"/>
		<language code="ml" id="1100" description="Malayalam"/>
		<language code="ms" id="1086" description="Malay"/>
		<language code="mt" id="1082" description="Maltese"/>
		<language code="nb" id="1044" description="Norwegian Bokmal"/>
		<language code="ne" id="1121" description="Nepali"/>
		<language code="nl" id="1043" description="Dutch"/>
		<language code="pl" id="1045" description="Polish"/>
		<language code="pt" id="2070" description="Portuguese"/>
		<language code="ro" id="1048" description="Romanian"/>
		<language code="ru" id="1049" description="Russian"/>
		<language code="si" id="1115" description="Sinhala"/>
		<language code="sk" id="1051" description="Slovak"/>
		<language code="sl" id="1060" description="Slovenian"/>
		<language code="sv" id="1053" description="Swedish"/>
		<language code="ta" id="1097" description="Tamil"/>
		<language code="te" id="1098" description="Telugu"/>
		<language code="th" id="1054" description="Thai"/>
		<language code="tr" id="1055" description="Turkish"/>
		<language code="uk" id="1058" description="Ukrainian"/>
		<language code="ur" id="1056" description="Urdu"/>
		<language code="vi" id="1066" description="Vietnamese"/>
		<language code="zh" id="2052" description="Simplified Chinese"/>
		<language code="zh-TW" id="1028" description="Traditional Chinese"/>
	</api>
	<api name="Microsoft">
		<language code="af" id="1078" description="Afrikaans"/>
		<language code="am" id="1118" description="Amharic"/>
		<language code="ar" id="1025" description="Arabic"/>
		<language code="hy" id="1067" description="Armenian"/>
		<language code="as" id="1101" description="Assamese"/>
		<language code="az" id="1068" description="Azerbaijani"/>
		<language code="bn" id="2117" description="Bangla (Bangladesh)"/>
		<language code="bs-Latn" id="5146" description="Bosnian"/>
		<language code="bg" id="1026" description="Bulgarian"/>
		<language code="yue" id="1166" description="Cantonese"/>
		<language code="ca" id="1027" description="Catalan"/>
		<language code="zh-Hans" id="2052" description="Chinese (Simplified)"/>
		<language code="zh-Hant" id="1028" description="Chinese (Traditional)"/>
		<language code="hr" id="1050" description="Croatian"/>
		<language code="cs" id="1029" description="Czech"/>
		<language code="da" id="1030" description="Danish"/>
		<language code="nl" id="1043" description="Dutch"/>
		<language code="en" id="1033" description="English"/>
		<language code="et" id="1061" description="Estonian"/>
		<language code="fil" id="1124" description="Filipino"/>
		<language code="fi" id="1035" description="Finnish"/>
		<language code="fr" id="1036" description="French"/>
		<language code="fr-CA" id="3084" description="French (Canada)"/>
		<language code="ga" id="2108" description="Gaelic - Ireland"/>
		<language code="de" id="1031" description="German"/>
		<language code="el" id="1032" description="Greek"/>
		<language code="gu" id="1095" description="Gujarati"/>
		<language code="he" id="1037" description="Hebrew"/>
		<language code="hi" id="1081" description="Hindi"/>
		<language code="hu" id="1038" description="Hungarian"/>
		<language code="is" id="1039" description="Icelandic"/>
		<language code="id" id="1057" description="Indonesian"/>
		<language code="ga" id="2108" description="Irish"/>
		<language code="it" id="1040" description="Italian"/>
		<language code="ja" id="1041" description="Japanese"/>
		<language code="kn" id="1099" description="Kannada"/>
		<language code="kk" id="1087" description="Kazakh"/>
		<language code="km" id="1107" description="Khmer"/>
		<language code="ko" id="1042" description="Korean"/>
		<language code="ku" id="1170" description="Kurdish (Kurmanji)"/>
		<language code="lo" id="1108" description="Lao"/>
		<language code="lv" id="1062" description="Latvian"/>
		<language code="lt" id="1063" description="Lithuanian"/>
		<language code="ml" id="1100" description="Malayalam"/>
		<language code="ms" id="1086" description="Malay"/>
		<language code="mt" id="1082" description="Maltese"/>
		<language code="mr" id="1102" description="Marathi"/>
		<language code="mi" id="1153" description="Maori"/>
		<language code="my" id="1109" description="Myanmar (Burmese)"/>
		<language code="ne" id="1121" description="Nepali"/>
		<language code="nb" id="1044" description="Norwegian Bokmol"/>
		<language code="ps" id="1123" description="Pashto"/>
		<language code="fa" id="1065" description="Persian"/>
		<language code="pl" id="1045" description="Polish"/>
		<language code="pt" id="1046" description="Portuguese (Brazil)"/>
		<language code="pt-pt" id="2070" description="Portuguese (Portugal)"/>
		<language code="pa" id="1094" description="Punjabi"/>
		<language code="ro" id="1048" description="Romanian"/>
		<language code="ru" id="1049" description="Russian"/>
		<language code="sr-Cyrl" id="3098" description="Serbian (Cyrillic)"/>
		<language code="sr-Latn" id="2074" description="Serbian (Latin)"/>
		<language code="sk" id="1051" description="Slovak"/>
		<language code="sl" id="1060" description="Slovenian"/>
		<language code="es" id="1034" description="Spanish"/>
		<language code="sw" id="1089" description="Swahili"/>
		<language code="sv" id="1053" description="Swedish"/>
		<language code="ta" id="1097" description="Tamil"/>
		<language code="te" id="1098" description="Telugu"/>
		<language code="th" id="1054" description="Thai"/>
		<language code="ti" id="1139" description="Tigrinya"/>
		<language code="tr" id="1055" description="Turkish"/>
		<language code="uk" id="1058" description="Ukrainian"/>
		<language code="ur" id="1056" description="Urdu"/>
		<language code="vi" id="1066" description="Vietnamese"/>
		<language code="cy" id="1106" description="Welsh"/>
	</api>
	<api name="Naver">
		<language code="zh-CN" id="2052" description="Chinese (Simplified)"/>
		<language code="zh-TW" id="1028" description="Chinese (Traditional)"/>
		<language code="en" id="1033" description="English"/>
		<language code="fr" id="1036" description="French"/>
		<language code="de" id="1031" description="German"/>
		<language code="id" id="1057" description="Indonesian"/>
		<language code="it" id="1040" description="Italian"/>
		<language code="ja" id="1041" description="Japanese"/>
		<language code="ko" id="1042" description="Korean"/>
		<language code="pt" id="2070" description="Portuguese"/>
		<language code="ru" id="1049" description="Russian"/>
		<language code="es" id="1034" description="Spanish"/>
		<language code="th" id="1054" description="Thai"/>
		<language code="vi" id="1066" description="Vietnamese"/>
	</api>
	<api name="PROMPT">
		<language code="ar" id="1025" description="Arabic"/>
		<language code="az" id="1068" description="Azerbaijani"/>
		<language code="zhcn" id="2052" description="Chinese (Simplified)"/>
		<language code="en" id="1033" description="English"/>
		<language code="et" id="1061" description="Estonian"/>
		<language code="fi" id="1035" description="Finnish"/>
		<language code="fr" id="1036" description="French"/>
		<language code="de" id="1031" description="German"/>
		<language code="he" id="1037" description="Hebrew"/>
		<language code="it" id="1040" description="Italian"/>
		<language code="ja" id="1041" description="Japanese"/>
		<language code="kk" id="1087" description="Kazakh"/>
		<language code="ko" id="1042" description="Korean"/>
		<language code="pt" id="2070" description="Portuguese"/>
		<language code="ru" id="1049" description="Russian"/>
		<language code="es" id="1034" description="Spanish"/>
		<language code="tt" id="1092" description="Tatar"/>
		<language code="tr" id="1055" description="Turkish"/>
		<language code="tk" id="1090" description="Turkmen"/>
		<language code="uk" id="1058" description="Ukrainian"/>
		<language code="uz" id="1091" description="Uzbek"/>
	</api>
	<api name="Reverso">
		<language code="ara" id="1025" description="Arabic"/>
		<language code="chi" id="2052" description="Chinese (Simplified)"/>
		<language code="dut" id="1043" description="Dutch"/>
		<language code="eng" id="1033" description="English"/>
		<language code="fra" id="1036" description="French"/>
		<language code="ger" id="1031" description="German"/>
		<language code="heb" id="1037" description="Hebrew"/>
		<language code="ita" id="1040" description="Italian"/>
		<language code="jpn" id="1041" description="Japanese"/>
		<language code="pol" id="1045" description="Polish"/>
		<language code="por" id="2070" description="Portuguese"/>
		<language code="rum" id="1048" description="Romanian"/>
		<language code="rus" id="1049" description="Russian"/>
		<language code="spa" id="1034" description="Spanish"/>
		<language code="tur" id="1055" description="Turkish"/>
	</api>
	<api name="Sogou">
		<language code="af" id="1078" description="Afrikaans"/>
		<language code="am" id="1118" description="Amharic"/>
		<language code="ar" id="1025" description="Arabic"/>
		<language code="hy" id="1067" description="Armenian"/>
		<language code="as" id="1101" description="Assamese"/>
		<language code="az" id="1068" description="Azerbaijani"/>
		<language code="bn" id="2117" description="Bangla (Bangladesh)"/>
		<language code="bs-Latn" id="5146" description="Bosnian"/>
		<language code="bg" id="1026" description="Bulgarian"/>
		<language code="yue" id="1166" description="Cantonese"/>
		<language code="ca" id="1027" description="Catalan"/>
		<language code="zh-CHS" id="2052" description="Chinese (Simplified)"/>
		<language code="zh-CHT" id="1028" description="Chinese (Traditional)"/>
		<language code="hr" id="1050" description="Croatian"/>
		<language code="cs" id="1029" description="Czech"/>
		<language code="da" id="1030" description="Danish"/>
		<language code="nl" id="1043" description="Dutch"/>
		<language code="en" id="1033" description="English"/>
		<language code="et" id="1061" description="Estonian"/>
		<language code="fil" id="1124" description="Filipino"/>
		<language code="fi" id="1035" description="Finnish"/>
		<language code="fr" id="1036" description="French"/>
		<language code="fr-CA" id="3084" description="French (Canada)"/>
		<language code="ga" id="2108" description="Gaelic - Ireland"/>
		<language code="de" id="1031" description="German"/>
		<language code="el" id="1032" description="Greek"/>
		<language code="gu" id="1095" description="Gujarati"/>
		<language code="he" id="1037" description="Hebrew"/>
		<language code="hi" id="1081" description="Hindi"/>
		<language code="hu" id="1038" description="Hungarian"/>
		<language code="is" id="1039" description="Icelandic"/>
		<language code="id" id="1057" description="Indonesian"/>
		<language code="it" id="1040" description="Italian"/>
		<language code="ja" id="1041" description="Japanese"/>
		<language code="kn" id="1099" description="Kannada"/>
		<language code="kk" id="1087" description="Kazakh"/>
		<language code="km" id="1107" description="Khmer"/>
		<language code="ko" id="1042" description="Korean"/>
		<language code="ku" id="1170" description="Kurdish (Kurmanji)"/>
		<language code="lo" id="1108" description="Lao"/>
		<language code="lv" id="1062" description="Latvian"/>
		<language code="lt" id="1063" description="Lithuanian"/>
		<language code="ml" id="1100" description="Malayalam"/>
		<language code="ms" id="1086" description="Malay"/>
		<language code="mt" id="1082" description="Maltese"/>
		<language code="mr" id="1102" description="Marathi"/>
		<language code="mi" id="1153" description="Maori"/>
		<language code="my" id="1109" description="Myanmar (Burmese)"/>
		<language code="ne" id="1121" description="Nepali"/>
		<language code="no" id="1044" description="Norwegian Bokmol"/>
		<language code="ps" id="1123" description="Pashto"/>
		<language code="fa" id="1065" description="Persian"/>
		<language code="pl" id="1045" description="Polish"/>
		<language code="pt" id="1046" description="Portuguese (Brazil)"/>
		<language code="pt-pt" id="2070" description="Portuguese (Portugal)"/>
		<language code="pa" id="1094" description="Punjabi"/>
		<language code="ro" id="1048" description="Romanian"/>
		<language code="ru" id="1049" description="Russian"/>
		<language code="sr-Cyrl" id="3098" description="Serbian (Cyrillic)"/>
		<language code="sr-Latn" id="2074" description="Serbian (Latin)"/>
		<language code="sk" id="1051" description="Slovak"/>
		<language code="sl" id="1060" description="Slovenian"/>
		<language code="es" id="1034" description="Spanish"/>
		<language code="sw" id="1089" description="Swahili"/>
		<language code="sv" id="1053" description="Swedish"/>
		<language code="ta" id="1097" description="Tamil"/>
		<language code="te" id="1098" description="Telugu"/>
		<language code="th" id="1054" description="Thai"/>
		<language code="ti" id="1139" description="Tigrinya"/>
		<language code="tr" id="1055" description="Turkish"/>
		<language code="uk" id="1058" description="Ukrainian"/>
		<language code="ur" id="1056" description="Urdu"/>
		<language code="vi" id="1066" description="Vietnamese"/>
		<language code="cy" id="1106" description="Welsh"/>
	</api>
	<api name="Yandex">
		<language code="af" id="1078" description="Afrikaans"/>
		<language code="sq" id="1052" description="Albanian"/>
		<language code="am" id="1118" description="Amharic"/>
		<language code="ar" id="1025" description="Arabic"/>
		<language code="hy" id="1067" description="Armenian"/>
		<language code="az" id="1068" description="Azerbaijani"/>
		<language code="ba" id="1133" description="Bashkir"/>
		<language code="eu" id="1069" description="Basque"/>
		<language code="be" id="1059" description="Belarusian"/>
		<language code="bn" id="2117" description="Bangla (Bangladesh)"/>
		<language code="bs" id="5146" description="Bosnian"/>
		<language code="bg" id="1026" description="Bulgarian"/>
		<language code="my" id="1109" description="Burmese"/>
		<language code="ca" id="1027" description="Catalan"/>
		<language code="zh" id="2052" description="Chinese"/>
		<language code="cv" id="642" description="Chuvash"/>
		<language code="hr" id="1050" description="Croatian"/>
		<language code="cs" id="1029" description="Czech"/>
		<language code="da" id="1030" description="Danish"/>
		<language code="nl" id="1043" description="Dutch"/>
		<language code="en" id="1033" description="English"/>
		<language code="eo" id="1536" description="Esperanto"/>
		<language code="et" id="1061" description="Estonian"/>
		<language code="fi" id="1035" description="Finnish"/>
		<language code="fr" id="1036" description="French"/>
		<language code="gl" id="1110" description="Galician"/>
		<language code="ka" id="1079" description="Georgian"/>
		<language code="de" id="1031" description="German"/>
		<language code="el" id="1032" description="Greek"/>
		<language code="gu" id="1095" description="Gujarati"/>
		<language code="he" id="1037" description="Hebrew"/>
		<language code="hi" id="1081" description="Hindi"/>
		<language code="hu" id="1038" description="Hungarian"/>
		<language code="is" id="1039" description="Icelandic"/>
		<language code="id" id="1057" description="Indonesian"/>
		<language code="ga" id="2108" description="Irish"/>
		<language code="it" id="1040" description="Italian"/>
		<language code="ja" id="1041" description="Japanese"/>
		<language code="jv" id="641" description="Javanese"/>
		<language code="kn" id="1099" description="Kannada"/>
		<language code="kk" id="1087" description="Kazakh"/>
		<language code="km" id="1107" description="Khmer"/>
		<language code="ko" id="1042" description="Korean"/>
		<language code="ky" id="1088" description="Kyrgyz"/>
		<language code="lo" id="1108" description="Lao"/>
		<language code="la" id="1142" description="Latin"/>
		<language code="lv" id="1062" description="Latvian"/>
		<language code="lt" id="1063" description="Lithuanian"/>
		<language code="lb" id="1134" description="Luxembourgish"/>
		<language code="mk" id="1071" description="Macedonian"/>
		<language code="ms" id="1086" description="Malay"/>
		<language code="ml" id="1100" description="Malayalam"/>
		<language code="mt" id="1082" description="Maltese"/>
		<language code="mi" id="1153" description="Maori"/>
		<language code="mr" id="1102" description="Marathi"/>
		<language code="mn" id="1104" description="Mongolian"/>
		<language code="ne" id="1121" description="Nepali"/>
		<language code="no" id="1044" description="Norwegian"/>
		<language code="fa" id="1065" description="Persian"/>
		<language code="pl" id="1045" description="Polish"/>
		<language code="pt" id="2070" description="Portuguese"/>
		<language code="pa" id="1094" description="Punjabi"/>
		<language code="ro" id="1048" description="Romanian"/>
		<language code="ru" id="1049" description="Russian"/>
		<language code="gd" id="1169" description="Scots Gaelic"/>
		<language code="sr" id="3098" description="Serbian"/>
		<language code="si" id="1115" description="Sinhalese"/>
		<language code="sk" id="1051" description="Slovak"/>
		<language code="sl" id="1060" description="Slovenian"/>
		<language code="es" id="1034" description="Spanish"/>
		<language code="sw" id="1089" description="Swahili"/>
		<language code="sv" id="1053" description="Swedish"/>
		<language code="tl" id="1124" description="Tagalog"/>
		<language code="tg" id="1064" description="Tajik"/>
		<language code="ta" id="1097" description="Tamil"/>
		<language code="tt" id="1092" description="Tatar"/>
		<language code="te" id="1098" description="Telugu"/>
		<language code="th" id="1054" description="Thai"/>
		<language code="tr" id="1055" description="Turkish"/>
		<language code="udm" id="644" description="Udmurt"/>
		<language code="uk" id="1058" description="Ukrainian"/>
		<language code="ur" id="1056" description="Urdu"/>
		<language code="uz" id="1091" description="Uzbek"/>
		<language code="vi" id="1066" description="Vietnamese"/>
		<language code="cy" id="1106" description="Welsh"/>
		<language code="xh" id="1076" description="Xhosa"/>
		<language code="yi" id="1085" description="Yiddish"/>
	</api>
</translate>