{
    "DesktopAudioDevice1": {
        "prev_ver": 503447555,
        "name": "Audio del escritorio",
        "uuid": "3d28f175-caee-45c6-979e-d327ce424ca2",
        "id": "wasapi_output_capture",
        "versioned_id": "wasapi_output_capture",
        "settings": {
            "device_id": "default"
        },
        "mixers": 255,
        "sync": 0,
        "flags": 0,
        "volume": 1.0,
        "balance": 0.5,
        "enabled": true,
        "muted": false,
        "push-to-mute": false,
        "push-to-mute-delay": 0,
        "push-to-talk": false,
        "push-to-talk-delay": 0,
        "hotkeys": {
            "libobs.mute": [],
            "libobs.unmute": [],
            "libobs.push-to-mute": [],
            "libobs.push-to-talk": []
        },
        "deinterlace_mode": 0,
        "deinterlace_field_order": 0,
        "monitoring_type": 0,
        "private_settings": {}
    },
    "AuxAudioDevice1": {
        "prev_ver": 503447555,
        "name": "Mic/Aux",
        "uuid": "c0c6ab45-2eb8-423e-ada2-384727ef8710",
        "id": "wasapi_input_capture",
        "versioned_id": "wasapi_input_capture",
        "settings": {
            "device_id": "default"
        },
        "mixers": 255,
        "sync": 0,
        "flags": 0,
        "volume": 1.0,
        "balance": 0.5,
        "enabled": true,
        "muted": false,
        "push-to-mute": false,
        "push-to-mute-delay": 0,
        "push-to-talk": false,
        "push-to-talk-delay": 0,
        "hotkeys": {
            "libobs.mute": [],
            "libobs.unmute": [],
            "libobs.push-to-mute": [],
            "libobs.push-to-talk": []
        },
        "deinterlace_mode": 0,
        "deinterlace_field_order": 0,
        "monitoring_type": 0,
        "private_settings": {}
    },
    "current_scene": "Camara normal",
    "current_program_scene": "Camara normal",
    "scene_order": [
        {
            "name": "Camara Rota"
        },
        {
            "name": "Camara normal"
        },
        {
            "name": "Camara Freeze"
        }
    ],
    "name": "Sin Título",
    "groups": [
        {
            "prev_ver": 503447555,
            "name": "Cámara malograda",
            "uuid": "0ae49163-763d-4f50-9735-37f5a0b24eab",
            "id": "group",
            "versioned_id": "group",
            "settings": {
                "id_counter": 0,
                "custom_size": true,
                "cx": 4188,
                "cy": 2790,
                "items": [
                    {
                        "name": "Dispositivo de captura de video",
                        "source_uuid": "45810f2d-0ccb-42a5-bcb2-448335ca0532",
                        "visible": true,
                        "locked": false,
                        "rot": 0.0,
                        "pos": {
                            "x": 1260.0,
                            "y": 849.0
                        },
                        "scale": {
                            "x": 3.0,
                            "y": 3.0
                        },
                        "align": 5,
                        "bounds_type": 0,
                        "bounds_align": 0,
                        "bounds_crop": false,
                        "bounds": {
                            "x": 0.0,
                            "y": 0.0
                        },
                        "crop_left": 0,
                        "crop_top": 0,
                        "crop_right": 0,
                        "crop_bottom": 0,
                        "id": 10,
                        "group_item_backup": false,
                        "scale_filter": "disable",
                        "blend_method": "default",
                        "blend_type": "normal",
                        "show_transition": {
                            "duration": 0
                        },
                        "hide_transition": {
                            "duration": 0
                        },
                        "private_settings": {}
                    },
                    {
                        "name": "Imagen 2",
                        "source_uuid": "1e78d87d-9097-4f28-a9d7-71412db4aeb0",
                        "visible": true,
                        "locked": false,
                        "rot": 0.0,
                        "pos": {
                            "x": 0.0,
                            "y": 0.0
                        },
                        "scale": {
                            "x": 1.6725239753723145,
                            "y": 1.6726619005203247
                        },
                        "align": 5,
                        "bounds_type": 0,
                        "bounds_align": 0,
                        "bounds_crop": false,
                        "bounds": {
                            "x": 0.0,
                            "y": 0.0
                        },
                        "crop_left": 0,
                        "crop_top": 0,
                        "crop_right": 0,
                        "crop_bottom": 0,
                        "id": 8,
                        "group_item_backup": false,
                        "scale_filter": "disable",
                        "blend_method": "default",
                        "blend_type": "normal",
                        "show_transition": {
                            "duration": 0
                        },
                        "hide_transition": {
                            "duration": 0
                        },
                        "private_settings": {}
                    },
                    {
                        "name": "Fuente multimedia 2",
                        "source_uuid": "a040fe13-281a-47af-820f-13650b557a0b",
                        "visible": true,
                        "locked": false,
                        "rot": 0.0,
                        "pos": {
                            "x": 999.0,
                            "y": 804.0
                        },
                        "scale": {
                            "x": 1.2697917222976685,
                            "y": 1.269444465637207
                        },
                        "align": 5,
                        "bounds_type": 0,
                        "bounds_align": 0,
                        "bounds_crop": false,
                        "bounds": {
                            "x": 0.0,
                            "y": 0.0
                        },
                        "crop_left": 0,
                        "crop_top": 0,
                        "crop_right": 0,
                        "crop_bottom": 0,
                        "id": 7,
                        "group_item_backup": false,
                        "scale_filter": "disable",
                        "blend_method": "default",
                        "blend_type": "normal",
                        "show_transition": {
                            "duration": 0
                        },
                        "hide_transition": {
                            "duration": 0
                        },
                        "private_settings": {}
                    }
                ]
            },
            "mixers": 0,
            "sync": 0,
            "flags": 0,
            "volume": 1.0,
            "balance": 0.5,
            "enabled": true,
            "muted": false,
            "push-to-mute": false,
            "push-to-mute-delay": 0,
            "push-to-talk": false,
            "push-to-talk-delay": 0,
            "hotkeys": {
                "libobs.show_scene_item.10": [],
                "libobs.hide_scene_item.10": [],
                "libobs.show_scene_item.8": [],
                "libobs.hide_scene_item.8": [],
                "libobs.show_scene_item.7": [],
                "libobs.hide_scene_item.7": []
            },
            "deinterlace_mode": 0,
            "deinterlace_field_order": 0,
            "monitoring_type": 0,
            "private_settings": {}
        }
    ],
    "quick_transitions": [
        {
            "name": "Corte",
            "duration": 300,
            "hotkeys": [],
            "id": 1,
            "fade_to_black": false
        },
        {
            "name": "Desvanecimiento",
            "duration": 300,
            "hotkeys": [],
            "id": 2,
            "fade_to_black": false
        },
        {
            "name": "Desvanecimiento",
            "duration": 300,
            "hotkeys": [],
            "id": 3,
            "fade_to_black": true
        }
    ],
    "transitions": [],
    "saved_projectors": [],
    "current_transition": "Corte",
    "transition_duration": 300,
    "preview_locked": false,
    "scaling_enabled": false,
    "scaling_level": 0,
    "scaling_off_x": 0.0,
    "scaling_off_y": 0.0,
    "virtual-camera": {
        "type2": 3
    },
    "modules": {
        "scripts-tool": [],
        "output-timer": {
            "streamTimerHours": 0,
            "streamTimerMinutes": 0,
            "streamTimerSeconds": 30,
            "recordTimerHours": 0,
            "recordTimerMinutes": 0,
            "recordTimerSeconds": 30,
            "autoStartStreamTimer": false,
            "autoStartRecordTimer": false,
            "pauseRecordTimer": true
        },
        "auto-scene-switcher": {
            "interval": 300,
            "non_matching_scene": "",
            "switch_if_not_matching": false,
            "active": false,
            "switches": []
        },
        "captions": {
            "source": "",
            "enabled": false,
            "lang_id": 2058,
            "provider": "mssapi"
        },
        "advanced-scene-switcher": {
            "sceneGroups": [],
            "macros": [
                {
                    "name": "Freeze",
                    "pause": false,
                    "parallel": true,
                    "onChange": true,
                    "skipExecOnStart": false,
                    "stopActionsIfNotDone": false,
                    "group": false,
                    "dockSettings": {
                        "register": false,
                        "hasRunButton": true,
                        "hasPauseButton": true,
                        "hasStatusLabel": false,
                        "highlightIfConditionsTrue": false,
                        "runButtonText": "Run",
                        "pauseButtonText": "Pause",
                        "unpauseButtonText": "Unpause",
                        "conditionsTrueStatusText": "Conditions are true.",
                        "conditionsFalseStatusText": "Conditions are false.",
                        "dockId": "advss-macro-dock-3de555ad-9a02-466a-8e13-f4abaf7c8cdc",
                        "version": 1
                    },
                    "macroActionConditionSplitterPosition": [
                        {
                            "pos": 288
                        },
                        {
                            "pos": 286
                        }
                    ],
                    "macroElseActionSplitterPosition": [
                        {
                            "pos": 254
                        },
                        {
                            "pos": 0
                        }
                    ],
                    "registerHotkeys": false,
                    "pauseHotkey": [],
                    "unpauseHotkey": [],
                    "togglePauseHotkey": [],
                    "conditions": [
                        {
                            "segmentSettings": {
                                "collapsed": false,
                                "useCustomLabel": false,
                                "customLabel": "My label"
                            },
                            "id": "scene",
                            "logic": 0,
                            "durationModifier": {
                                "time_constraint": 0,
                                "seconds": {
                                    "value": {
                                        "value": 0.0,
                                        "type": 0
                                    },
                                    "unit": 0,
                                    "version": 1
                                }
                            },
                            "sceneSelection": {
                                "type": 0,
                                "name": "Camara Freeze"
                            },
                            "type": 10,
                            "pattern": ".*Scene.*",
                            "useTransitionTargetScene": false,
                            "version": 1
                        }
                    ],
                    "actions": [
                        {
                            "segmentSettings": {
                                "collapsed": false,
                                "useCustomLabel": false,
                                "customLabel": "My label"
                            },
                            "id": "filter",
                            "enabled": true,
                            "source": {
                                "type": 0,
                                "name": "Dispositivo de captura de video"
                            },
                            "filter": {
                                "type": 0,
                                "name": "Freeze"
                            },
                            "action": 0,
                            "inputMethod": 0,
                            "sourceSetting": {
                                "id": "duration",
                                "description": "Maximum Duration (0 for indefinite) (Int)"
                            },
                            "manualSettingValue": "",
                            "tempVar": {
                                "type": 0,
                                "idx": -1,
                                "id": "",
                                "version": 1
                            },
                            "settings": "",
                            "sourceSettingButton": {
                                "id": "",
                                "description": ""
                            },
                            "version": 1
                        }
                    ],
                    "elseActions": [],
                    "inputVariables": []
                },
                {
                    "name": "Unfreeze",
                    "pause": false,
                    "parallel": true,
                    "onChange": true,
                    "skipExecOnStart": false,
                    "stopActionsIfNotDone": false,
                    "group": false,
                    "dockSettings": {
                        "register": false,
                        "hasRunButton": true,
                        "hasPauseButton": true,
                        "hasStatusLabel": false,
                        "highlightIfConditionsTrue": false,
                        "runButtonText": "Run",
                        "pauseButtonText": "Pause",
                        "unpauseButtonText": "Unpause",
                        "conditionsTrueStatusText": "Conditions are true.",
                        "conditionsFalseStatusText": "Conditions are false.",
                        "dockId": "advss-macro-dock-702144b3-780d-442a-a345-7afbd07f0df1",
                        "version": 1
                    },
                    "macroActionConditionSplitterPosition": [
                        {
                            "pos": 288
                        },
                        {
                            "pos": 286
                        }
                    ],
                    "macroElseActionSplitterPosition": [
                        {
                            "pos": 254
                        },
                        {
                            "pos": 0
                        }
                    ],
                    "registerHotkeys": false,
                    "pauseHotkey": [],
                    "unpauseHotkey": [],
                    "togglePauseHotkey": [],
                    "conditions": [
                        {
                            "segmentSettings": {
                                "collapsed": false,
                                "useCustomLabel": false,
                                "customLabel": "My label"
                            },
                            "id": "scene",
                            "logic": 0,
                            "durationModifier": {
                                "time_constraint": 0,
                                "seconds": {
                                    "value": {
                                        "value": 0.0,
                                        "type": 0
                                    },
                                    "unit": 0,
                                    "version": 1
                                }
                            },
                            "sceneSelection": {
                                "type": 0,
                                "name": "Camara normal"
                            },
                            "type": 10,
                            "pattern": ".*Scene.*",
                            "useTransitionTargetScene": false,
                            "version": 1
                        }
                    ],
                    "actions": [
                        {
                            "segmentSettings": {
                                "collapsed": false,
                                "useCustomLabel": false,
                                "customLabel": "My label"
                            },
                            "id": "filter",
                            "enabled": true,
                            "source": {
                                "type": 0,
                                "name": "Dispositivo de captura de video"
                            },
                            "filter": {
                                "type": 0,
                                "name": "Freeze"
                            },
                            "action": 1,
                            "inputMethod": 0,
                            "sourceSetting": {
                                "id": "duration",
                                "description": "Maximum Duration (0 for indefinite) (Int)"
                            },
                            "manualSettingValue": "",
                            "tempVar": {
                                "type": 0,
                                "idx": -1,
                                "id": "",
                                "version": 1
                            },
                            "settings": "",
                            "sourceSettingButton": {
                                "id": "",
                                "description": ""
                            },
                            "version": 1
                        }
                    ],
                    "elseActions": [],
                    "inputVariables": []
                },
                {
                    "name": "Camara rota",
                    "pause": false,
                    "parallel": false,
                    "onChange": false,
                    "skipExecOnStart": false,
                    "stopActionsIfNotDone": false,
                    "group": false,
                    "dockSettings": {
                        "register": false,
                        "hasRunButton": true,
                        "hasPauseButton": true,
                        "hasStatusLabel": false,
                        "highlightIfConditionsTrue": false,
                        "runButtonText": "Run",
                        "pauseButtonText": "Pause",
                        "unpauseButtonText": "Unpause",
                        "conditionsTrueStatusText": "Conditions are true.",
                        "conditionsFalseStatusText": "Conditions are false.",
                        "dockId": "advss-macro-dock-b252e8ab-19a8-4159-b194-3981733317de",
                        "version": 1
                    },
                    "macroActionConditionSplitterPosition": [
                        {
                            "pos": 288
                        },
                        {
                            "pos": 286
                        }
                    ],
                    "macroElseActionSplitterPosition": [
                        {
                            "pos": 254
                        },
                        {
                            "pos": 0
                        }
                    ],
                    "registerHotkeys": false,
                    "pauseHotkey": [],
                    "unpauseHotkey": [],
                    "togglePauseHotkey": [],
                    "conditions": [
                        {
                            "segmentSettings": {
                                "collapsed": false,
                                "useCustomLabel": false,
                                "customLabel": "My label"
                            },
                            "id": "scene",
                            "logic": 0,
                            "durationModifier": {
                                "time_constraint": 0,
                                "seconds": {
                                    "value": {
                                        "value": 0.0,
                                        "type": 0
                                    },
                                    "unit": 0,
                                    "version": 1
                                }
                            },
                            "sceneSelection": {
                                "type": 0,
                                "name": "Camara Rota"
                            },
                            "type": 10,
                            "pattern": ".*Scene.*",
                            "useTransitionTargetScene": false,
                            "version": 1
                        }
                    ],
                    "actions": [
                        {
                            "segmentSettings": {
                                "collapsed": false,
                                "useCustomLabel": false,
                                "customLabel": "My label"
                            },
                            "id": "filter",
                            "enabled": true,
                            "source": {
                                "type": 0,
                                "name": "Dispositivo de captura de video"
                            },
                            "filter": {
                                "type": 0,
                                "name": "Freeze"
                            },
                            "action": 1,
                            "inputMethod": 0,
                            "sourceSetting": {
                                "id": "duration",
                                "description": "Maximum Duration (0 for indefinite) (Int)"
                            },
                            "manualSettingValue": "",
                            "tempVar": {
                                "type": 0,
                                "idx": -1,
                                "id": "",
                                "version": 1
                            },
                            "settings": "",
                            "sourceSettingButton": {
                                "id": "",
                                "description": ""
                            },
                            "version": 1
                        },
                        {
                            "segmentSettings": {
                                "collapsed": false,
                                "useCustomLabel": false,
                                "customLabel": "My label"
                            },
                            "id": "scene_visibility",
                            "enabled": true,
                            "sceneSelection": {
                                "type": 0,
                                "name": "Camara Rota"
                            },
                            "sceneItemSelection": {
                                "type": 0,
                                "idxType": 0,
                                "idx": 0,
                                "item": "Dispositivo de captura de video"
                            },
                            "action": 1
                        },
                        {
                            "segmentSettings": {
                                "collapsed": false,
                                "useCustomLabel": false,
                                "customLabel": "My label"
                            },
                            "id": "scene_visibility",
                            "enabled": true,
                            "sceneSelection": {
                                "type": 0,
                                "name": "Camara Rota"
                            },
                            "sceneItemSelection": {
                                "type": 0,
                                "idxType": 0,
                                "idx": 0,
                                "item": "Imagen 2"
                            },
                            "action": 1
                        },
                        {
                            "segmentSettings": {
                                "collapsed": false,
                                "useCustomLabel": false,
                                "customLabel": "My label"
                            },
                            "id": "wait",
                            "enabled": true,
                            "duration": {
                                "value": {
                                    "value": 0.10000000000000001,
                                    "type": 0
                                },
                                "unit": 0,
                                "version": 1
                            },
                            "duration2": {
                                "value": {
                                    "value": 0.5,
                                    "type": 0
                                },
                                "unit": 0,
                                "version": 1
                            },
                            "waitType": 1,
                            "version": 1
                        },
                        {
                            "segmentSettings": {
                                "collapsed": false,
                                "useCustomLabel": false,
                                "customLabel": "My label"
                            },
                            "id": "scene_visibility",
                            "enabled": true,
                            "sceneSelection": {
                                "type": 0,
                                "name": "Camara Rota"
                            },
                            "sceneItemSelection": {
                                "type": 0,
                                "idxType": 0,
                                "idx": 0,
                                "item": "Dispositivo de captura de video"
                            },
                            "action": 0
                        },
                        {
                            "segmentSettings": {
                                "collapsed": false,
                                "useCustomLabel": false,
                                "customLabel": "My label"
                            },
                            "id": "scene_visibility",
                            "enabled": true,
                            "sceneSelection": {
                                "type": 0,
                                "name": "Camara Rota"
                            },
                            "sceneItemSelection": {
                                "type": 0,
                                "idxType": 0,
                                "idx": 0,
                                "item": "Imagen 2"
                            },
                            "action": 0
                        },
                        {
                            "segmentSettings": {
                                "collapsed": false,
                                "useCustomLabel": false,
                                "customLabel": "My label"
                            },
                            "id": "wait",
                            "enabled": true,
                            "duration": {
                                "value": {
                                    "value": 0.20000000000000001,
                                    "type": 0
                                },
                                "unit": 0,
                                "version": 1
                            },
                            "duration2": {
                                "value": {
                                    "value": 0.69999999999999996,
                                    "type": 0
                                },
                                "unit": 0,
                                "version": 1
                            },
                            "waitType": 1,
                            "version": 1
                        }
                    ],
                    "elseActions": [],
                    "inputVariables": []
                }
            ],
            "macroSettings": {
                "highlightExecuted": false,
                "highlightConditions": false,
                "highlightActions": false,
                "newMacroRegisterHotkey": false
            },
            "variables": [],
            "switches": [],
            "ignoreWindows": [],
            "screenRegion": [],
            "pauseEntries": [],
            "sceneRoundTrip": [],
            "sceneTransitions": [],
            "defaultTransitions": [],
            "defTransitionDelay": 0,
            "ignoreIdleWindows": [],
            "idleTargetType": 0,
            "idleSceneName": "",
            "idleTransitionName": "",
            "idleEnable": false,
            "idleTime": 60,
            "executableSwitches": [],
            "randomSwitches": [],
            "fileSwitches": [],
            "readEnabled": false,
            "readPath": "",
            "writeEnabled": false,
            "writePath": "",
            "mediaSwitches": [],
            "timeSwitches": [],
            "audioSwitches": [],
            "audioFallbackTargetType": 0,
            "audioFallbackScene": "",
            "audioFallbackTransition": "",
            "audioFallbackEnable": false,
            "audioFallbackDuration": {
                "value": {
                    "value": 0.0,
                    "type": 0
                },
                "unit": 0,
                "version": 1
            },
            "videoSwitches": [],
            "ServerEnabled": false,
            "ServerPort": 55555,
            "LockToIPv4": false,
            "ClientEnabled": false,
            "Address": "",
            "ClientPort": 55555,
            "SendSceneChange": true,
            "SendSceneChangeAll": true,
            "SendPreview": true,
            "triggers": [],
            "interval": 300,
            "non_matching_scene": "",
            "switch_if_not_matching": 0,
            "noMatchDelay": {
                "value": {
                    "value": 0.0,
                    "type": 0
                },
                "unit": 0,
                "version": 1
            },
            "cooldown": {
                "value": {
                    "value": 0.0,
                    "type": 0
                },
                "unit": 0,
                "version": 1
            },
            "enableCooldown": false,
            "active": true,
            "startup_behavior": 0,
            "autoStartEvent": 0,
            "logLevel": 0,
            "showSystemTrayNotifications": false,
            "disableHints": false,
            "disableFilterComboboxFilter": false,
            "warnPluginLoadFailure": true,
            "hideLegacyTabs": true,
            "priority0": 10,
            "priority1": 0,
            "priority2": 2,
            "priority3": 8,
            "priority4": 6,
            "priority5": 9,
            "priority6": 7,
            "priority7": 4,
            "priority8": 1,
            "priority9": 5,
            "priority10": 3,
            "threadPriority": 3,
            "transitionOverrideOverride": false,
            "adjustActiveTransitionType": true,
            "lastImportPath": "",
            "startHotkey": [],
            "stopHotkey": [],
            "toggleHotkey": [],
            "upMacroSegmentHotkey": [],
            "downMacroSegmentHotkey": [],
            "removeMacroSegmentHotkey": [],
            "tabWidgetOrder": [
                {
                    "generalTab": 0
                },
                {
                    "macroTab": 1
                },
                {
                    "windowTitleTab": 2
                },
                {
                    "executableTab": 3
                },
                {
                    "screenRegionTab": 4
                },
                {
                    "mediaTab": 5
                },
                {
                    "fileTab": 6
                },
                {
                    "randomTab": 7
                },
                {
                    "timeTab": 8
                },
                {
                    "idleTab": 9
                },
                {
                    "sceneSequenceTab": 10
                },
                {
                    "audioTab": 11
                },
                {
                    "videoTab": 12
                },
                {
                    "networkTab": 13
                },
                {
                    "sceneGroupTab": 14
                },
                {
                    "transitionsTab": 15
                },
                {
                    "pauseTab": 16
                },
                {
                    "sceneTriggerTab": 17
                },
                {
                    "websocketConnectionTab": 18
                },
                {
                    "twitchConnectionTab": 19
                },
                {
                    "variableTab": 20
                },
                {
                    "actionQueueTab": 21
                }
            ],
            "saveWindowGeo": true,
            "windowPosX": 285,
            "windowPosY": 0,
            "windowWidth": 956,
            "windowHeight": 793,
            "macroListMacroEditSplitterPosition": [
                {
                    "pos": 144
                },
                {
                    "pos": 491
                }
            ],
            "version": "b561a20ddeca3e3e922ec1bf427ff811c2bf18f1",
            "websocketConnections": [],
            "twitchConnections": [],
            "actionQueues": []
        }
    },
    "sources": [
        {
            "prev_ver": 503447555,
            "name": "Camara Freeze",
            "uuid": "1b8b4bdd-9b9e-4658-83dd-e693a2b86756",
            "id": "scene",
            "versioned_id": "scene",
            "settings": {
                "id_counter": 1,
                "custom_size": false,
                "items": [
                    {
                        "name": "Dispositivo de captura de video",
                        "source_uuid": "45810f2d-0ccb-42a5-bcb2-448335ca0532",
                        "visible": true,
                        "locked": false,
                        "rot": 0.0,
                        "pos": {
                            "x": 0.0,
                            "y": 0.0
                        },
                        "scale": {
                            "x": 3.0,
                            "y": 3.0
                        },
                        "align": 5,
                        "bounds_type": 0,
                        "bounds_align": 0,
                        "bounds_crop": false,
                        "bounds": {
                            "x": 0.0,
                            "y": 0.0
                        },
                        "crop_left": 0,
                        "crop_top": 0,
                        "crop_right": 0,
                        "crop_bottom": 0,
                        "id": 1,
                        "group_item_backup": false,
                        "scale_filter": "disable",
                        "blend_method": "default",
                        "blend_type": "normal",
                        "show_transition": {
                            "duration": 0
                        },
                        "hide_transition": {
                            "duration": 0
                        },
                        "private_settings": {}
                    }
                ]
            },
            "mixers": 0,
            "sync": 0,
            "flags": 0,
            "volume": 1.0,
            "balance": 0.5,
            "enabled": true,
            "muted": false,
            "push-to-mute": false,
            "push-to-mute-delay": 0,
            "push-to-talk": false,
            "push-to-talk-delay": 0,
            "hotkeys": {
                "OBSBasic.SelectScene": [],
                "libobs.show_scene_item.1": [],
                "libobs.hide_scene_item.1": []
            },
            "deinterlace_mode": 0,
            "deinterlace_field_order": 0,
            "monitoring_type": 0,
            "private_settings": {}
        },
        {
            "prev_ver": 503447555,
            "name": "Camara normal",
            "uuid": "df43f728-adb8-4e01-a7ed-b85f35e6f1b5",
            "id": "scene",
            "versioned_id": "scene",
            "settings": {
                "id_counter": 1,
                "custom_size": false,
                "items": [
                    {
                        "name": "Dispositivo de captura de video",
                        "source_uuid": "45810f2d-0ccb-42a5-bcb2-448335ca0532",
                        "visible": true,
                        "locked": false,
                        "rot": 0.0,
                        "pos": {
                            "x": 0.0,
                            "y": 0.0
                        },
                        "scale": {
                            "x": 3.0,
                            "y": 3.0
                        },
                        "align": 5,
                        "bounds_type": 0,
                        "bounds_align": 0,
                        "bounds_crop": false,
                        "bounds": {
                            "x": 0.0,
                            "y": 0.0
                        },
                        "crop_left": 0,
                        "crop_top": 0,
                        "crop_right": 0,
                        "crop_bottom": 0,
                        "id": 1,
                        "group_item_backup": false,
                        "scale_filter": "disable",
                        "blend_method": "default",
                        "blend_type": "normal",
                        "show_transition": {
                            "duration": 0
                        },
                        "hide_transition": {
                            "duration": 0
                        },
                        "private_settings": {}
                    }
                ]
            },
            "mixers": 0,
            "sync": 0,
            "flags": 0,
            "volume": 1.0,
            "balance": 0.5,
            "enabled": true,
            "muted": false,
            "push-to-mute": false,
            "push-to-mute-delay": 0,
            "push-to-talk": false,
            "push-to-talk-delay": 0,
            "hotkeys": {
                "OBSBasic.SelectScene": [],
                "libobs.show_scene_item.1": [],
                "libobs.hide_scene_item.1": []
            },
            "deinterlace_mode": 0,
            "deinterlace_field_order": 0,
            "monitoring_type": 0,
            "private_settings": {}
        },
        {
            "prev_ver": 503447555,
            "name": "Camara Rota",
            "uuid": "8b7d99b2-f1b4-4732-a3f5-2cf4a9b413dd",
            "id": "scene",
            "versioned_id": "scene",
            "settings": {
                "custom_size": false,
                "id_counter": 10,
                "items": [
                    {
                        "name": "Dispositivo de captura de video",
                        "source_uuid": "45810f2d-0ccb-42a5-bcb2-448335ca0532",
                        "visible": true,
                        "locked": false,
                        "rot": 0.0,
                        "pos": {
                            "x": 0.0,
                            "y": 0.0
                        },
                        "scale": {
                            "x": 3.0,
                            "y": 3.0
                        },
                        "align": 5,
                        "bounds_type": 0,
                        "bounds_align": 0,
                        "bounds_crop": false,
                        "bounds": {
                            "x": 0.0,
                            "y": 0.0
                        },
                        "crop_left": 0,
                        "crop_top": 0,
                        "crop_right": 0,
                        "crop_bottom": 0,
                        "id": 10,
                        "group_item_backup": true,
                        "scale_filter": "disable",
                        "blend_method": "default",
                        "blend_type": "normal",
                        "show_transition": {
                            "duration": 0
                        },
                        "hide_transition": {
                            "duration": 0
                        },
                        "private_settings": {}
                    },
                    {
                        "name": "Imagen 2",
                        "source_uuid": "1e78d87d-9097-4f28-a9d7-71412db4aeb0",
                        "visible": true,
                        "locked": false,
                        "rot": 0.0,
                        "pos": {
                            "x": -1260.0,
                            "y": -849.0
                        },
                        "scale": {
                            "x": 1.6725239753723145,
                            "y": 1.6726619005203247
                        },
                        "align": 5,
                        "bounds_type": 0,
                        "bounds_align": 0,
                        "bounds_crop": false,
                        "bounds": {
                            "x": 0.0,
                            "y": 0.0
                        },
                        "crop_left": 0,
                        "crop_top": 0,
                        "crop_right": 0,
                        "crop_bottom": 0,
                        "id": 8,
                        "group_item_backup": true,
                        "scale_filter": "disable",
                        "blend_method": "default",
                        "blend_type": "normal",
                        "show_transition": {
                            "duration": 0
                        },
                        "hide_transition": {
                            "duration": 0
                        },
                        "private_settings": {}
                    },
                    {
                        "name": "Fuente multimedia 2",
                        "source_uuid": "a040fe13-281a-47af-820f-13650b557a0b",
                        "visible": true,
                        "locked": false,
                        "rot": 0.0,
                        "pos": {
                            "x": -261.0,
                            "y": -45.0
                        },
                        "scale": {
                            "x": 1.2697917222976685,
                            "y": 1.269444465637207
                        },
                        "align": 5,
                        "bounds_type": 0,
                        "bounds_align": 0,
                        "bounds_crop": false,
                        "bounds": {
                            "x": 0.0,
                            "y": 0.0
                        },
                        "crop_left": 0,
                        "crop_top": 0,
                        "crop_right": 0,
                        "crop_bottom": 0,
                        "id": 7,
                        "group_item_backup": true,
                        "scale_filter": "disable",
                        "blend_method": "default",
                        "blend_type": "normal",
                        "show_transition": {
                            "duration": 0
                        },
                        "hide_transition": {
                            "duration": 0
                        },
                        "private_settings": {}
                    },
                    {
                        "name": "Cámara malograda",
                        "source_uuid": "0ae49163-763d-4f50-9735-37f5a0b24eab",
                        "visible": true,
                        "locked": true,
                        "rot": 0.0,
                        "pos": {
                            "x": -1260.0,
                            "y": -849.0
                        },
                        "scale": {
                            "x": 1.0,
                            "y": 1.0
                        },
                        "align": 5,
                        "bounds_type": 0,
                        "bounds_align": 0,
                        "bounds_crop": false,
                        "bounds": {
                            "x": 0.0,
                            "y": 0.0
                        },
                        "crop_left": 0,
                        "crop_top": 0,
                        "crop_right": 0,
                        "crop_bottom": 0,
                        "id": 9,
                        "group_item_backup": false,
                        "scale_filter": "disable",
                        "blend_method": "default",
                        "blend_type": "normal",
                        "show_transition": {
                            "duration": 0
                        },
                        "hide_transition": {
                            "duration": 0
                        },
                        "private_settings": {
                            "collapsed": false
                        }
                    }
                ]
            },
            "mixers": 0,
            "sync": 0,
            "flags": 0,
            "volume": 1.0,
            "balance": 0.5,
            "enabled": true,
            "muted": false,
            "push-to-mute": false,
            "push-to-mute-delay": 0,
            "push-to-talk": false,
            "push-to-talk-delay": 0,
            "hotkeys": {
                "OBSBasic.SelectScene": [],
                "libobs.show_scene_item.9": [],
                "libobs.hide_scene_item.9": []
            },
            "deinterlace_mode": 0,
            "deinterlace_field_order": 0,
            "monitoring_type": 0,
            "private_settings": {}
        },
        {
            "prev_ver": 503447555,
            "name": "Dispositivo de captura de video",
            "uuid": "45810f2d-0ccb-42a5-bcb2-448335ca0532",
            "id": "dshow_input",
            "versioned_id": "dshow_input",
            "settings": {
                "video_device_id": "HP Wide Vision HD Camera:\\\\?\\usb#22vid_04f2&pid_b627&mi_00#226&1b79fe48&0&0000#22{65e8773d-8f56-11d0-a3b9-00a0c9223196}\\global",
                "last_video_device_id": "HP Wide Vision HD Camera:\\\\?\\usb#22vid_04f2&pid_b627&mi_00#226&1b79fe48&0&0000#22{65e8773d-8f56-11d0-a3b9-00a0c9223196}\\global",
                "active": true
            },
            "mixers": 255,
            "sync": 0,
            "flags": 0,
            "volume": 1.0,
            "balance": 0.5,
            "enabled": true,
            "muted": false,
            "push-to-mute": false,
            "push-to-mute-delay": 0,
            "push-to-talk": false,
            "push-to-talk-delay": 0,
            "hotkeys": {
                "libobs.mute": [],
                "libobs.unmute": [],
                "libobs.push-to-mute": [],
                "libobs.push-to-talk": [],
                "Freeze.Enable": [],
                "Freeze.Disable": []
            },
            "deinterlace_mode": 0,
            "deinterlace_field_order": 0,
            "monitoring_type": 0,
            "private_settings": {},
            "filters": [
                {
                    "prev_ver": 503447555,
                    "name": "Freeze",
                    "uuid": "445682c7-48d6-480c-8eb9-511467e6a341",
                    "id": "freeze_filter",
                    "versioned_id": "freeze_filter",
                    "settings": {},
                    "mixers": 0,
                    "sync": 0,
                    "flags": 0,
                    "volume": 1.0,
                    "balance": 0.5,
                    "enabled": false,
                    "muted": false,
                    "push-to-mute": false,
                    "push-to-mute-delay": 0,
                    "push-to-talk": false,
                    "push-to-talk-delay": 0,
                    "hotkeys": {},
                    "deinterlace_mode": 0,
                    "deinterlace_field_order": 0,
                    "monitoring_type": 0,
                    "private_settings": {}
                }
            ]
        },
        {
            "prev_ver": 503447555,
            "name": "Fuente multimedia 2",
            "uuid": "a040fe13-281a-47af-820f-13650b557a0b",
            "id": "ffmpeg_source",
            "versioned_id": "ffmpeg_source",
            "settings": {
                "local_file": "C:/Users/SAMUEL/Desktop/Samuel/Editar videos/videos/Cámara malograda.mp4",
                "looping": true,
                "speed_percent": 70
            },
            "mixers": 255,
            "sync": 0,
            "flags": 0,
            "volume": 1.0,
            "balance": 0.5,
            "enabled": true,
            "muted": false,
            "push-to-mute": false,
            "push-to-mute-delay": 0,
            "push-to-talk": false,
            "push-to-talk-delay": 0,
            "hotkeys": {
                "libobs.mute": [],
                "libobs.unmute": [],
                "libobs.push-to-mute": [],
                "libobs.push-to-talk": [],
                "MediaSource.Restart": [],
                "MediaSource.Play": [],
                "MediaSource.Pause": [],
                "MediaSource.Stop": []
            },
            "deinterlace_mode": 0,
            "deinterlace_field_order": 0,
            "monitoring_type": 0,
            "private_settings": {},
            "filters": [
                {
                    "prev_ver": 503447555,
                    "name": "Fondo croma",
                    "uuid": "1cb676de-198d-41f4-a6cf-b72d35868f9d",
                    "id": "chroma_key_filter",
                    "versioned_id": "chroma_key_filter_v2",
                    "settings": {
                        "opacity": 1.0,
                        "key_color": 4280953936,
                        "key_color_type": "custom",
                        "similarity": 18,
                        "smoothness": 60,
                        "spill": 163
                    },
                    "mixers": 0,
                    "sync": 0,
                    "flags": 0,
                    "volume": 1.0,
                    "balance": 0.5,
                    "enabled": true,
                    "muted": false,
                    "push-to-mute": false,
                    "push-to-mute-delay": 0,
                    "push-to-talk": false,
                    "push-to-talk-delay": 0,
                    "hotkeys": {},
                    "deinterlace_mode": 0,
                    "deinterlace_field_order": 0,
                    "monitoring_type": 0,
                    "private_settings": {}
                }
            ]
        },
        {
            "prev_ver": 503447555,
            "name": "Imagen 2",
            "uuid": "1e78d87d-9097-4f28-a9d7-71412db4aeb0",
            "id": "image_source",
            "versioned_id": "image_source",
            "settings": {
                "file": "C:/Users/SAMUEL/Desktop/Samuel/Editar videos/imagenes/Vidrio roto-pro-denoise-enhance-4x.png"
            },
            "mixers": 0,
            "sync": 0,
            "flags": 0,
            "volume": 1.0,
            "balance": 0.5,
            "enabled": true,
            "muted": false,
            "push-to-mute": false,
            "push-to-mute-delay": 0,
            "push-to-talk": false,
            "push-to-talk-delay": 0,
            "hotkeys": {},
            "deinterlace_mode": 0,
            "deinterlace_field_order": 0,
            "monitoring_type": 0,
            "private_settings": {},
            "filters": [
                {
                    "prev_ver": 503447555,
                    "name": "Fondo croma",
                    "uuid": "9a000e43-791c-479d-abe3-bd9fd5359b53",
                    "id": "chroma_key_filter",
                    "versioned_id": "chroma_key_filter_v2",
                    "settings": {
                        "opacity": 1.0,
                        "contrast": 0.14000000000000001,
                        "brightness": 0.39129999999999998,
                        "gamma": -0.27000000000000002,
                        "key_color": 4291479498,
                        "key_color_type": "custom",
                        "similarity": 1,
                        "smoothness": 12,
                        "spill": 1
                    },
                    "mixers": 0,
                    "sync": 0,
                    "flags": 0,
                    "volume": 1.0,
                    "balance": 0.5,
                    "enabled": true,
                    "muted": false,
                    "push-to-mute": false,
                    "push-to-mute-delay": 0,
                    "push-to-talk": false,
                    "push-to-talk-delay": 0,
                    "hotkeys": {},
                    "deinterlace_mode": 0,
                    "deinterlace_field_order": 0,
                    "monitoring_type": 0,
                    "private_settings": {}
                }
            ]
        }
    ]
}