{
    "DesktopAudioDevice1": {
        "prev_ver": 486604803,
        "name": "Audio del escritorio",
        "uuid": "3d28f175-caee-45c6-979e-d327ce424ca2",
        "id": "wasapi_output_capture",
        "versioned_id": "wasapi_output_capture",
        "settings": {
            "device_id": "default"
        },
        "mixers": 255,
        "sync": 0,
        "flags": 0,
        "volume": 1.0,
        "balance": 0.5,
        "enabled": true,
        "muted": false,
        "push-to-mute": false,
        "push-to-mute-delay": 0,
        "push-to-talk": false,
        "push-to-talk-delay": 0,
        "hotkeys": {
            "libobs.mute": [],
            "libobs.unmute": [],
            "libobs.push-to-mute": [],
            "libobs.push-to-talk": []
        },
        "deinterlace_mode": 0,
        "deinterlace_field_order": 0,
        "monitoring_type": 0,
        "private_settings": {}
    },
    "AuxAudioDevice1": {
        "prev_ver": 486604803,
        "name": "Mic/Aux",
        "uuid": "c0c6ab45-2eb8-423e-ada2-384727ef8710",
        "id": "wasapi_input_capture",
        "versioned_id": "wasapi_input_capture",
        "settings": {
            "device_id": "default"
        },
        "mixers": 255,
        "sync": 0,
        "flags": 0,
        "volume": 1.0,
        "balance": 0.5,
        "enabled": true,
        "muted": false,
        "push-to-mute": false,
        "push-to-mute-delay": 0,
        "push-to-talk": false,
        "push-to-talk-delay": 0,
        "hotkeys": {
            "libobs.mute": [],
            "libobs.unmute": [],
            "libobs.push-to-mute": [],
            "libobs.push-to-talk": []
        },
        "deinterlace_mode": 0,
        "deinterlace_field_order": 0,
        "monitoring_type": 0,
        "private_settings": {}
    },
    "current_scene": "Escena",
    "current_program_scene": "Escena",
    "scene_order": [
        {
            "name": "Escena"
        }
    ],
    "name": "Sin Título",
    "groups": [
        {
            "prev_ver": 486604803,
            "name": "Cámara malograda",
            "uuid": "0ae49163-763d-4f50-9735-37f5a0b24eab",
            "id": "group",
            "versioned_id": "group",
            "settings": {
                "id_counter": 0,
                "custom_size": true,
                "cx": 4188,
                "cy": 2790,
                "items": [
                    {
                        "name": "Dispositivo de captura de video 2",
                        "source_uuid": "7ee406e7-b574-4f0e-bb2c-fc7fd92793cf",
                        "visible": true,
                        "locked": false,
                        "rot": 0.0,
                        "pos": {
                            "x": 1260.0,
                            "y": 849.0
                        },
                        "scale": {
                            "x": 3.0,
                            "y": 3.0
                        },
                        "align": 5,
                        "bounds_type": 0,
                        "bounds_align": 0,
                        "bounds": {
                            "x": 0.0,
                            "y": 0.0
                        },
                        "crop_left": 0,
                        "crop_top": 0,
                        "crop_right": 0,
                        "crop_bottom": 0,
                        "id": 6,
                        "group_item_backup": false,
                        "scale_filter": "disable",
                        "blend_method": "default",
                        "blend_type": "normal",
                        "show_transition": {
                            "duration": 0
                        },
                        "hide_transition": {
                            "duration": 0
                        },
                        "private_settings": {}
                    },
                    {
                        "name": "Imagen 2",
                        "source_uuid": "1e78d87d-9097-4f28-a9d7-71412db4aeb0",
                        "visible": true,
                        "locked": false,
                        "rot": 0.0,
                        "pos": {
                            "x": 0.0,
                            "y": 0.0
                        },
                        "scale": {
                            "x": 1.6725239753723145,
                            "y": 1.6726619005203247
                        },
                        "align": 5,
                        "bounds_type": 0,
                        "bounds_align": 0,
                        "bounds": {
                            "x": 0.0,
                            "y": 0.0
                        },
                        "crop_left": 0,
                        "crop_top": 0,
                        "crop_right": 0,
                        "crop_bottom": 0,
                        "id": 8,
                        "group_item_backup": false,
                        "scale_filter": "disable",
                        "blend_method": "default",
                        "blend_type": "normal",
                        "show_transition": {
                            "duration": 0
                        },
                        "hide_transition": {
                            "duration": 0
                        },
                        "private_settings": {}
                    },
                    {
                        "name": "Fuente multimedia 2",
                        "source_uuid": "a040fe13-281a-47af-820f-13650b557a0b",
                        "visible": true,
                        "locked": false,
                        "rot": 0.0,
                        "pos": {
                            "x": 999.0,
                            "y": 804.0
                        },
                        "scale": {
                            "x": 1.2697917222976685,
                            "y": 1.269444465637207
                        },
                        "align": 5,
                        "bounds_type": 0,
                        "bounds_align": 0,
                        "bounds": {
                            "x": 0.0,
                            "y": 0.0
                        },
                        "crop_left": 0,
                        "crop_top": 0,
                        "crop_right": 0,
                        "crop_bottom": 0,
                        "id": 7,
                        "group_item_backup": false,
                        "scale_filter": "disable",
                        "blend_method": "default",
                        "blend_type": "normal",
                        "show_transition": {
                            "duration": 0
                        },
                        "hide_transition": {
                            "duration": 0
                        },
                        "private_settings": {}
                    }
                ]
            },
            "mixers": 0,
            "sync": 0,
            "flags": 0,
            "volume": 1.0,
            "balance": 0.5,
            "enabled": true,
            "muted": false,
            "push-to-mute": false,
            "push-to-mute-delay": 0,
            "push-to-talk": false,
            "push-to-talk-delay": 0,
            "hotkeys": {
                "libobs.show_scene_item.Dispositivo de captura de video 2": [],
                "libobs.hide_scene_item.Dispositivo de captura de video 2": [],
                "libobs.show_scene_item.Imagen 2": [],
                "libobs.hide_scene_item.Imagen 2": [],
                "libobs.show_scene_item.Fuente multimedia 2": [],
                "libobs.hide_scene_item.Fuente multimedia 2": []
            },
            "deinterlace_mode": 0,
            "deinterlace_field_order": 0,
            "monitoring_type": 0,
            "private_settings": {}
        }
    ],
    "quick_transitions": [
        {
            "name": "Corte",
            "duration": 300,
            "hotkeys": [],
            "id": 1,
            "fade_to_black": false
        },
        {
            "name": "Desvanecimiento",
            "duration": 300,
            "hotkeys": [],
            "id": 2,
            "fade_to_black": false
        },
        {
            "name": "Desvanecimiento",
            "duration": 300,
            "hotkeys": [],
            "id": 3,
            "fade_to_black": true
        }
    ],
    "transitions": [],
    "saved_projectors": [],
    "current_transition": "Desvanecimiento",
    "transition_duration": 300,
    "preview_locked": false,
    "scaling_enabled": false,
    "scaling_level": 0,
    "scaling_off_x": 0.0,
    "scaling_off_y": 0.0,
    "virtual-camera": {
        "type": 0,
        "internal": 0
    },
    "modules": {
        "scripts-tool": [],
        "output-timer": {
            "streamTimerHours": 0,
            "streamTimerMinutes": 0,
            "streamTimerSeconds": 30,
            "recordTimerHours": 0,
            "recordTimerMinutes": 0,
            "recordTimerSeconds": 30,
            "autoStartStreamTimer": false,
            "autoStartRecordTimer": false,
            "pauseRecordTimer": true
        },
        "auto-scene-switcher": {
            "interval": 300,
            "non_matching_scene": "",
            "switch_if_not_matching": false,
            "active": false,
            "switches": []
        },
        "captions": {
            "source": "",
            "enabled": false,
            "lang_id": 2058,
            "provider": "mssapi"
        }
    },
    "sources": [
        {
            "prev_ver": 486604803,
            "name": "Dispositivo de captura de video 2",
            "uuid": "7ee406e7-b574-4f0e-bb2c-fc7fd92793cf",
            "id": "dshow_input",
            "versioned_id": "dshow_input",
            "settings": {
                "deactivate_when_not_showing": true,
                "res_type": 0,
                "active": true
            },
            "mixers": 255,
            "sync": 0,
            "flags": 0,
            "volume": 1.0,
            "balance": 0.5,
            "enabled": true,
            "muted": false,
            "push-to-mute": false,
            "push-to-mute-delay": 0,
            "push-to-talk": false,
            "push-to-talk-delay": 0,
            "hotkeys": {
                "libobs.mute": [],
                "libobs.unmute": [],
                "libobs.push-to-mute": [],
                "libobs.push-to-talk": []
            },
            "deinterlace_mode": 0,
            "deinterlace_field_order": 0,
            "monitoring_type": 0,
            "private_settings": {}
        },
        {
            "prev_ver": 486604803,
            "name": "Escena",
            "uuid": "8b7d99b2-f1b4-4732-a3f5-2cf4a9b413dd",
            "id": "scene",
            "versioned_id": "scene",
            "settings": {
                "custom_size": false,
                "id_counter": 9,
                "items": [
                    {
                        "name": "Dispositivo de captura de video 2",
                        "source_uuid": "7ee406e7-b574-4f0e-bb2c-fc7fd92793cf",
                        "visible": true,
                        "locked": false,
                        "rot": 0.0,
                        "pos": {
                            "x": 0.0,
                            "y": 0.0
                        },
                        "scale": {
                            "x": 3.0,
                            "y": 3.0
                        },
                        "align": 5,
                        "bounds_type": 0,
                        "bounds_align": 0,
                        "bounds": {
                            "x": 0.0,
                            "y": 0.0
                        },
                        "crop_left": 0,
                        "crop_top": 0,
                        "crop_right": 0,
                        "crop_bottom": 0,
                        "id": 6,
                        "group_item_backup": true,
                        "scale_filter": "disable",
                        "blend_method": "default",
                        "blend_type": "normal",
                        "show_transition": {
                            "duration": 0
                        },
                        "hide_transition": {
                            "duration": 0
                        },
                        "private_settings": {}
                    },
                    {
                        "name": "Imagen 2",
                        "source_uuid": "1e78d87d-9097-4f28-a9d7-71412db4aeb0",
                        "visible": true,
                        "locked": false,
                        "rot": 0.0,
                        "pos": {
                            "x": -1260.0,
                            "y": -849.0
                        },
                        "scale": {
                            "x": 1.6725239753723145,
                            "y": 1.6726619005203247
                        },
                        "align": 5,
                        "bounds_type": 0,
                        "bounds_align": 0,
                        "bounds": {
                            "x": 0.0,
                            "y": 0.0
                        },
                        "crop_left": 0,
                        "crop_top": 0,
                        "crop_right": 0,
                        "crop_bottom": 0,
                        "id": 8,
                        "group_item_backup": true,
                        "scale_filter": "disable",
                        "blend_method": "default",
                        "blend_type": "normal",
                        "show_transition": {
                            "duration": 0
                        },
                        "hide_transition": {
                            "duration": 0
                        },
                        "private_settings": {}
                    },
                    {
                        "name": "Fuente multimedia 2",
                        "source_uuid": "a040fe13-281a-47af-820f-13650b557a0b",
                        "visible": true,
                        "locked": false,
                        "rot": 0.0,
                        "pos": {
                            "x": -261.0,
                            "y": -45.0
                        },
                        "scale": {
                            "x": 1.2697917222976685,
                            "y": 1.269444465637207
                        },
                        "align": 5,
                        "bounds_type": 0,
                        "bounds_align": 0,
                        "bounds": {
                            "x": 0.0,
                            "y": 0.0
                        },
                        "crop_left": 0,
                        "crop_top": 0,
                        "crop_right": 0,
                        "crop_bottom": 0,
                        "id": 7,
                        "group_item_backup": true,
                        "scale_filter": "disable",
                        "blend_method": "default",
                        "blend_type": "normal",
                        "show_transition": {
                            "duration": 0
                        },
                        "hide_transition": {
                            "duration": 0
                        },
                        "private_settings": {}
                    },
                    {
                        "name": "Cámara malograda",
                        "source_uuid": "0ae49163-763d-4f50-9735-37f5a0b24eab",
                        "visible": true,
                        "locked": true,
                        "rot": 0.0,
                        "pos": {
                            "x": -1260.0,
                            "y": -849.0
                        },
                        "scale": {
                            "x": 1.0,
                            "y": 1.0
                        },
                        "align": 5,
                        "bounds_type": 0,
                        "bounds_align": 0,
                        "bounds": {
                            "x": 0.0,
                            "y": 0.0
                        },
                        "crop_left": 0,
                        "crop_top": 0,
                        "crop_right": 0,
                        "crop_bottom": 0,
                        "id": 9,
                        "group_item_backup": false,
                        "scale_filter": "disable",
                        "blend_method": "default",
                        "blend_type": "normal",
                        "show_transition": {
                            "duration": 0
                        },
                        "hide_transition": {
                            "duration": 0
                        },
                        "private_settings": {
                            "collapsed": false
                        }
                    }
                ]
            },
            "mixers": 0,
            "sync": 0,
            "flags": 0,
            "volume": 1.0,
            "balance": 0.5,
            "enabled": true,
            "muted": false,
            "push-to-mute": false,
            "push-to-mute-delay": 0,
            "push-to-talk": false,
            "push-to-talk-delay": 0,
            "hotkeys": {
                "OBSBasic.SelectScene": [],
                "libobs.show_scene_item.Cámara malograda": [],
                "libobs.hide_scene_item.Cámara malograda": []
            },
            "deinterlace_mode": 0,
            "deinterlace_field_order": 0,
            "monitoring_type": 0,
            "private_settings": {}
        },
        {
            "prev_ver": 486604803,
            "name": "Fuente multimedia 2",
            "uuid": "a040fe13-281a-47af-820f-13650b557a0b",
            "id": "ffmpeg_source",
            "versioned_id": "ffmpeg_source",
            "settings": {
                "looping": true,
                "speed_percent": 70,
                "local_file": "C:/Users/Usuario/Desktop/Cámara malograda.mp4"
            },
            "mixers": 255,
            "sync": 0,
            "flags": 0,
            "volume": 1.0,
            "balance": 0.5,
            "enabled": true,
            "muted": false,
            "push-to-mute": false,
            "push-to-mute-delay": 0,
            "push-to-talk": false,
            "push-to-talk-delay": 0,
            "hotkeys": {
                "libobs.mute": [],
                "libobs.unmute": [],
                "libobs.push-to-mute": [],
                "libobs.push-to-talk": [],
                "MediaSource.Restart": [],
                "MediaSource.Play": [],
                "MediaSource.Pause": [],
                "MediaSource.Stop": []
            },
            "deinterlace_mode": 0,
            "deinterlace_field_order": 0,
            "monitoring_type": 0,
            "private_settings": {},
            "filters": [
                {
                    "prev_ver": 486604803,
                    "name": "Fondo croma",
                    "uuid": "1cb676de-198d-41f4-a6cf-b72d35868f9d",
                    "id": "chroma_key_filter",
                    "versioned_id": "chroma_key_filter_v2",
                    "settings": {
                        "opacity": 1.0,
                        "key_color": 4280953936,
                        "key_color_type": "custom",
                        "similarity": 5,
                        "smoothness": 60,
                        "spill": 163
                    },
                    "mixers": 0,
                    "sync": 0,
                    "flags": 0,
                    "volume": 1.0,
                    "balance": 0.5,
                    "enabled": true,
                    "muted": false,
                    "push-to-mute": false,
                    "push-to-mute-delay": 0,
                    "push-to-talk": false,
                    "push-to-talk-delay": 0,
                    "hotkeys": {},
                    "deinterlace_mode": 0,
                    "deinterlace_field_order": 0,
                    "monitoring_type": 0,
                    "private_settings": {}
                }
            ]
        },
        {
            "prev_ver": 486604803,
            "name": "Imagen 2",
            "uuid": "1e78d87d-9097-4f28-a9d7-71412db4aeb0",
            "id": "image_source",
            "versioned_id": "image_source",
            "settings": {
                "file": "C:/Users/Usuario/Desktop/Vidrio roto-pro-denoise-enhance-4x.png"
            },
            "mixers": 0,
            "sync": 0,
            "flags": 0,
            "volume": 1.0,
            "balance": 0.5,
            "enabled": true,
            "muted": false,
            "push-to-mute": false,
            "push-to-mute-delay": 0,
            "push-to-talk": false,
            "push-to-talk-delay": 0,
            "hotkeys": {},
            "deinterlace_mode": 0,
            "deinterlace_field_order": 0,
            "monitoring_type": 0,
            "private_settings": {},
            "filters": [
                {
                    "prev_ver": 486604803,
                    "name": "Fondo croma",
                    "uuid": "9a000e43-791c-479d-abe3-bd9fd5359b53",
                    "id": "chroma_key_filter",
                    "versioned_id": "chroma_key_filter_v2",
                    "settings": {
                        "key_color": 4291479498,
                        "key_color_type": "custom",
                        "similarity": 1,
                        "smoothness": 20
                    },
                    "mixers": 0,
                    "sync": 0,
                    "flags": 0,
                    "volume": 1.0,
                    "balance": 0.5,
                    "enabled": true,
                    "muted": false,
                    "push-to-mute": false,
                    "push-to-mute-delay": 0,
                    "push-to-talk": false,
                    "push-to-talk-delay": 0,
                    "hotkeys": {},
                    "deinterlace_mode": 0,
                    "deinterlace_field_order": 0,
                    "monitoring_type": 0,
                    "private_settings": {}
                }
            ]
        }
    ]
}