{
  "Capitalization": 2,
  "FollowShiftForCapsInsensitive": false,
  "FollowShiftForCapsSensitive": false,
  "LoadedCategory": "Preferidostylo",
  "LoadedGlobalStyle": false,
  "LoadedKeyboard": "fps",
  "LoadedStyle": "Preferidostylo",
  "MouseFromCenter": false,
  "MouseSensitivity": 50,
  "PressHold": 0,
  "ScrollHold": 50,
  "TrapKeyboard": false,
  "TrapMouse": false,
  "TrapToggleKeyCode": 145,
  "UpdateInterval": 33,
  "UpdateTextPosition": true,
  "WindowTitle": "",
  "X": 172,
  "Y": 114
}